date,1. open,2. high,3. low,4. close,5. volume,time_frame,5. adjusted close,6. volume,7. dividend amount,8. split coefficient
2023-03-29 13:00:00,66.75,67.11,66.4,66.4447,1676675.0,Intraday,,,,
2023-03-29 14:00:00,66.46,66.7,66.061,66.58,1573566.0,Intraday,,,,
2023-03-29 15:00:00,66.5877,67.0892,66.42,66.87,1427173.0,Intraday,,,,
2023-03-29 16:00:00,66.87,67.03,66.235,66.49,3455004.0,Intraday,,,,
2023-03-29 17:00:00,66.48,66.49,66.28,66.46,131994.0,Intraday,,,,
2023-03-29 18:00:00,66.39,66.4,66.3,66.31,4932.0,Intraday,,,,
2023-03-29 19:00:00,66.38,66.44,66.26,66.27,9214.0,Intraday,,,,
2023-03-29 20:00:00,66.44,66.44,66.1,66.1,9580.0,Intraday,,,,
2023-03-30 06:00:00,66.68,66.85,66.68,66.85,1818.0,Intraday,,,,
2023-03-30 08:00:00,66.89,67.17,66.85,67.1,24587.0,Intraday,,,,
2023-03-30 09:00:00,67.0015,67.31,66.5,67.17,87097.0,Intraday,,,,
2023-03-30 10:00:00,67.21,70.53,67.21,69.73,5674686.0,Intraday,,,,
2023-03-30 11:00:00,69.74,69.8,68.06,68.35,4633470.0,Intraday,,,,
2023-03-30 12:00:00,68.369,68.66,67.83,68.28,2001958.0,Intraday,,,,
2023-03-30 13:00:00,68.28,68.54,68.01,68.3399,1666797.0,Intraday,,,,
2023-03-30 14:00:00,68.33,68.44,67.79,68.0199,1311094.0,Intraday,,,,
2023-03-30 15:00:00,68.0199,68.43,67.94,68.356,1624813.0,Intraday,,,,
2023-03-30 16:00:00,68.36,68.65,68.18,68.48,3463322.0,Intraday,,,,
2023-03-30 17:00:00,68.49,68.7983,68.37,68.55,125311.0,Intraday,,,,
2023-03-30 18:00:00,68.47,68.55,68.46,68.49,53887.0,Intraday,,,,
2023-03-30 19:00:00,68.49,68.58,68.41,68.42,8642.0,Intraday,,,,
2023-03-30 20:00:00,68.45,68.88,68.43,68.59,27878.0,Intraday,,,,
2023-03-31 05:00:00,68.78,68.78,68.78,68.78,730.0,Intraday,,,,
2023-03-31 06:00:00,68.6,68.63,68.6,68.6,2132.0,Intraday,,,,
2023-03-31 07:00:00,68.58,68.85,68.58,68.85,777.0,Intraday,,,,
2023-03-31 08:00:00,68.68,68.85,68.64,68.69,6971.0,Intraday,,,,
2023-03-31 09:00:00,68.6022,68.9,68.5,68.75,61110.0,Intraday,,,,
2023-03-31 10:00:00,68.73,70.31,68.3,69.59,2747324.0,Intraday,,,,
2023-03-31 11:00:00,69.6,70.03,68.77,69.89,3278015.0,Intraday,,,,
2023-03-31 12:00:00,69.89,70.29,69.82,70.05,1787862.0,Intraday,,,,
2023-03-31 13:00:00,70.06,70.32,69.76,69.8,1527161.0,Intraday,,,,
2023-03-31 14:00:00,69.8099,69.81,68.8,69.1199,1815929.0,Intraday,,,,
2023-03-31 15:00:00,69.11,69.34,68.6349,68.75,1744332.0,Intraday,,,,
2023-03-31 16:00:00,68.759,68.95,68.05,68.619,3914154.0,Intraday,,,,
2023-03-31 17:00:00,68.55,68.65,68.31,68.5499,217018.0,Intraday,,,,
2023-03-31 18:00:00,68.55,68.55,68.3726,68.49,12072.0,Intraday,,,,
2023-03-31 19:00:00,68.45,68.48,67.66,67.66,54133.0,Intraday,,,,
2023-03-31 20:00:00,67.86,68.05,67.7,67.96,44584.0,Intraday,,,,
2023-04-03 05:00:00,67.66,68.12,67.44,67.5,7567.0,Intraday,,,,
2023-04-03 06:00:00,67.48,67.48,67.42,67.44,1273.0,Intraday,,,,
2023-04-03 07:00:00,67.4,67.75,67.4,67.66,1350.0,Intraday,,,,
2023-04-03 08:00:00,67.62,67.7,67.4,67.65,21004.0,Intraday,,,,
2023-04-03 09:00:00,67.76,67.84,67.2,67.5,79432.0,Intraday,,,,
2023-04-03 10:00:00,67.64,68.3899,66.39,66.57,2984543.0,Intraday,,,,
2023-04-03 11:00:00,66.58,67.3101,65.95,66.0299,3393740.0,Intraday,,,,
2023-04-03 12:00:00,66.0365,67.63,65.805,67.17,2231122.0,Intraday,,,,
2023-04-03 13:00:00,67.17,67.58,66.89,66.95,1647603.0,Intraday,,,,
2023-04-03 14:00:00,66.94,67.2,66.28,66.609,1428714.0,Intraday,,,,
2023-04-03 15:00:00,66.61,67.55,66.5,67.37,1539072.0,Intraday,,,,
2023-04-03 16:00:00,67.37,67.87,67.2,67.83,3075101.0,Intraday,,,,
2023-04-03 17:00:00,67.82,67.83,67.1349,67.57,82860.0,Intraday,,,,
2023-04-03 18:00:00,67.73,67.83,67.51,67.52,21407.0,Intraday,,,,
2023-04-03 19:00:00,67.64,67.64,67.4,67.64,3255.0,Intraday,,,,
2023-04-03 20:00:00,67.6,67.61,67.42,67.59,5874.0,Intraday,,,,
2023-04-04 05:00:00,67.95,68.04,67.95,68.04,3132.0,Intraday,,,,
2023-04-04 06:00:00,68.04,68.5,68.04,68.5,7489.0,Intraday,,,,
2023-04-04 07:00:00,68.47,68.5,68.42,68.45,3842.0,Intraday,,,,
2023-04-04 08:00:00,68.45,68.58,68.0,68.38,25945.0,Intraday,,,,
2023-04-04 09:00:00,67.9305,68.55,67.9305,68.22,89845.0,Intraday,,,,
2023-04-04 10:00:00,68.2199,69.38,68.01,69.3,1875306.0,Intraday,,,,
2023-04-04 11:00:00,69.32,69.69,68.05,68.14,3055913.0,Intraday,,,,
2023-04-04 12:00:00,68.13,68.83,67.67,68.53,2256712.0,Intraday,,,,
2023-04-04 13:00:00,68.53,69.12,68.23,68.89,1666452.0,Intraday,,,,
2023-04-04 14:00:00,68.9,69.74,68.63,69.025,2040142.0,Intraday,,,,
2023-04-04 15:00:00,69.0175,69.24,68.52,68.64,1456624.0,Intraday,,,,
2023-04-04 16:00:00,68.63,68.87,68.4,68.87,2056512.0,Intraday,,,,
2023-04-04 17:00:00,68.84,69.0,68.7629,68.95,56885.0,Intraday,,,,
2023-04-04 18:00:00,68.87,69.0,68.76,68.8,3280.0,Intraday,,,,
2023-04-04 19:00:00,68.89,69.0,68.8,68.91,6573.0,Intraday,,,,
2023-04-04 20:00:00,68.94,69.11,68.93,69.0,7382.0,Intraday,,,,
2023-04-05 05:00:00,68.55,68.55,68.43,68.48,778.0,Intraday,,,,
2023-04-05 08:00:00,68.84,68.84,68.77,68.78,3967.0,Intraday,,,,
2023-04-05 09:00:00,68.5111,68.87,68.3,68.43,24221.0,Intraday,,,,
2023-04-05 10:00:00,68.44,68.5851,67.14,67.745,1473093.0,Intraday,,,,
2023-04-05 11:00:00,67.77,68.19,66.62,66.66,2348873.0,Intraday,,,,
2023-04-05 12:00:00,66.68,67.61,66.63,67.56,1467997.0,Intraday,,,,
2023-04-05 13:00:00,67.57,67.8699,67.01,67.81,1119796.0,Intraday,,,,
2023-04-05 14:00:00,67.8001,68.1862,67.66,68.04,1217839.0,Intraday,,,,
2023-04-05 15:00:00,68.04,68.11,67.5,67.55,1374286.0,Intraday,,,,
2023-04-05 16:00:00,67.54,67.85,67.26,67.67,1742349.0,Intraday,,,,
2023-04-05 17:00:00,67.66,67.7,67.52,67.55,59663.0,Intraday,,,,
2023-04-05 18:00:00,67.65,67.67,67.4812,67.58,16524.0,Intraday,,,,
2023-04-05 19:00:00,67.58,67.6334,67.51,67.6,4497.0,Intraday,,,,
2023-04-05 20:00:00,67.6,67.6,67.44,67.55,6681.0,Intraday,,,,
2023-04-06 05:00:00,67.78,67.78,67.25,67.3,943.0,Intraday,,,,
2023-04-06 06:00:00,67.27,67.27,67.25,67.25,1442.0,Intraday,,,,
2023-04-06 07:00:00,67.02,67.02,67.01,67.01,403.0,Intraday,,,,
2023-04-06 08:00:00,67.3,67.4,67.24,67.4,2729.0,Intraday,,,,
2023-04-06 09:00:00,67.0409,67.48,66.82,66.88,26351.0,Intraday,,,,
2023-04-06 10:00:00,66.88,67.47,66.16,66.63,1670013.0,Intraday,,,,
2023-04-06 11:00:00,66.61,67.8,66.61,67.23,2349513.0,Intraday,,,,
2023-04-06 12:00:00,67.23,68.33,67.18,68.22,1944165.0,Intraday,,,,
2023-04-06 13:00:00,68.2599,69.03,68.22,68.3,1638117.0,Intraday,,,,
2023-04-06 14:00:00,68.3009,68.57,68.185,68.22,831430.0,Intraday,,,,
2023-04-06 15:00:00,68.22,68.4874,68.06,68.14,853294.0,Intraday,,,,
2023-04-06 16:00:00,68.16,68.285,67.9,68.11,1746871.0,Intraday,,,,
2023-04-06 17:00:00,68.1,68.24,68.02,68.02,25775.0,Intraday,,,,
2023-04-06 18:00:00,68.04,68.04,68.03,68.03,919.0,Intraday,,,,
2023-04-06 19:00:00,68.05,68.1,68.05,68.05,5345.0,Intraday,,,,
2023-04-06 20:00:00,68.02,68.1,67.97,68.1,7172.0,Intraday,,,,
2022-11-11 00:00:00,65.09,72.43,64.37,71.66,,Daily adjusted,71.66,21128130.0,0.0,1.0
2022-11-14 00:00:00,70.25,72.35,69.44,70.27,,Daily adjusted,70.27,11823312.0,0.0,1.0
2022-11-15 00:00:00,74.77,75.77,72.02,73.38,,Daily adjusted,73.38,13335415.0,0.0,1.0
2022-11-16 00:00:00,71.63,72.92,68.615,69.55,,Daily adjusted,69.55,11779562.0,0.0,1.0
2022-11-17 00:00:00,67.02,68.92,66.29,67.99,,Daily adjusted,67.99,9264381.0,0.0,1.0
2022-11-18 00:00:00,69.04,69.32,65.135,65.82,,Daily adjusted,65.82,9734572.0,0.0,1.0
2022-11-21 00:00:00,64.6,64.94,60.8,61.85,,Daily adjusted,61.85,12252695.0,0.0,1.0
2022-11-22 00:00:00,61.53,63.07,60.1,62.72,,Daily adjusted,62.72,9000536.0,0.0,1.0
2022-11-23 00:00:00,62.64,64.26,61.92,63.92,,Daily adjusted,63.92,8189976.0,0.0,1.0
2022-11-25 00:00:00,63.99,63.99,62.5093,63.38,,Daily adjusted,63.38,4168804.0,0.0,1.0
2022-11-28 00:00:00,61.91,63.83,61.12,61.37,,Daily adjusted,61.37,7250649.0,0.0,1.0
2022-11-29 00:00:00,62.07,63.89,61.73,62.11,,Daily adjusted,62.11,8219903.0,0.0,1.0
2022-11-30 00:00:00,62.1,68.0,61.852,67.77,,Daily adjusted,67.77,14298550.0,0.0,1.0
2022-12-01 00:00:00,68.02,69.24,66.66,69.17,,Daily adjusted,69.17,9429975.0,0.0,1.0
2022-12-02 00:00:00,67.27,68.94,66.6201,68.18,,Daily adjusted,68.18,7721112.0,0.0,1.0
2022-12-05 00:00:00,67.4,67.86,62.4,63.14,,Daily adjusted,63.14,12610909.0,0.0,1.0
2022-12-06 00:00:00,63.12,63.8787,60.2,61.3,,Daily adjusted,61.3,9408919.0,0.0,1.0
2022-12-07 00:00:00,60.83,61.85,59.6248,61.07,,Daily adjusted,61.07,8734791.0,0.0,1.0
2022-12-08 00:00:00,61.6,63.6997,60.5,63.37,,Daily adjusted,63.37,7849752.0,0.0,1.0
2022-12-09 00:00:00,63.1,65.83,63.1,64.6,,Daily adjusted,64.6,8418142.0,0.0,1.0
2022-12-12 00:00:00,63.79,66.7132,63.36,66.2,,Daily adjusted,66.2,9126607.0,0.0,1.0
2022-12-13 00:00:00,70.37,72.37,68.8,71.03,,Daily adjusted,71.03,15385200.0,0.0,1.0
2022-12-14 00:00:00,71.07,72.47,69.64,71.25,,Daily adjusted,71.25,10557751.0,0.0,1.0
2022-12-15 00:00:00,68.49,69.35,65.43,65.89,,Daily adjusted,65.89,9277797.0,0.0,1.0
2022-12-16 00:00:00,64.98,65.17,60.71,62.51,,Daily adjusted,62.51,18776795.0,0.0,1.0
2022-12-19 00:00:00,62.24,62.4,59.985,60.44,,Daily adjusted,60.44,9310081.0,0.0,1.0
2022-12-20 00:00:00,59.34,61.87,58.9,61.41,,Daily adjusted,61.41,8766456.0,0.0,1.0
2022-12-21 00:00:00,61.74,63.33,60.63,62.58,,Daily adjusted,62.58,7847515.0,0.0,1.0
2022-12-22 00:00:00,61.2,61.2,58.62,60.59,,Daily adjusted,60.59,9740178.0,0.0,1.0
2022-12-23 00:00:00,59.875,60.94,58.82,60.89,,Daily adjusted,60.89,7281818.0,0.0,1.0
2022-12-27 00:00:00,60.205,61.06,58.34,59.86,,Daily adjusted,59.86,8572400.0,0.0,1.0
2022-12-28 00:00:00,59.0,60.24,58.4,59.08,,Daily adjusted,59.08,7563243.0,0.0,1.0
2022-12-29 00:00:00,60.0,63.47,59.9,62.92,,Daily adjusted,62.92,9995107.0,0.0,1.0
2022-12-30 00:00:00,61.05,63.1,60.8,62.84,,Daily adjusted,62.84,8014416.0,0.0,1.0
2023-01-03 00:00:00,66.3,67.5,62.5022,64.64,,Daily adjusted,64.64,16416489.0,0.0,1.0
2023-01-04 00:00:00,65.79,68.12,64.78,66.3,,Daily adjusted,66.3,11749526.0,0.0,1.0
2023-01-05 00:00:00,64.85,65.56,63.0194,64.71,,Daily adjusted,64.71,11336178.0,0.0,1.0
2023-01-06 00:00:00,65.28,69.5,63.36,68.99,,Daily adjusted,68.99,15529608.0,0.0,1.0
2023-01-09 00:00:00,69.7,70.61,68.44,69.06,,Daily adjusted,69.06,12987644.0,0.0,1.0
2023-01-10 00:00:00,68.675,70.19,67.66,70.03,,Daily adjusted,70.03,9056284.0,0.0,1.0
2023-01-11 00:00:00,70.96,71.89,70.02,71.67,,Daily adjusted,71.67,9034285.0,0.0,1.0
2023-01-12 00:00:00,71.88,72.11,68.11,71.8,,Daily adjusted,71.8,11852613.0,0.0,1.0
2023-01-13 00:00:00,69.81,71.99,69.51,71.65,,Daily adjusted,71.65,9344663.0,0.0,1.0
2023-01-17 00:00:00,72.36,75.21,71.73,75.1,,Daily adjusted,75.1,14314409.0,0.0,1.0
2023-01-18 00:00:00,75.29,76.22,72.07,72.11,,Daily adjusted,72.11,12147227.0,0.0,1.0
2023-01-19 00:00:00,70.8,71.79,69.235,70.94,,Daily adjusted,70.94,12051331.0,0.0,1.0
2023-01-20 00:00:00,71.7,76.19,71.04,76.16,,Daily adjusted,76.16,12798396.0,0.0,1.0
2023-01-23 00:00:00,76.84,81.67,76.72,81.66,,Daily adjusted,81.66,16814099.0,0.0,1.0
2023-01-24 00:00:00,80.16,82.73,79.51,80.79,,Daily adjusted,80.79,12152070.0,0.0,1.0
2023-01-25 00:00:00,77.0,81.04,74.7701,80.77,,Daily adjusted,80.77,17119363.0,0.0,1.0
2023-01-26 00:00:00,83.03,83.91,78.3207,81.19,,Daily adjusted,81.19,13296807.0,0.0,1.0
2023-01-27 00:00:00,80.69,85.5,80.67,83.83,,Daily adjusted,83.83,15424753.0,0.0,1.0
2023-01-30 00:00:00,81.93,83.24,79.64,79.79,,Daily adjusted,79.79,10482647.0,0.0,1.0
2023-01-31 00:00:00,80.88,82.32,80.2,81.72,,Daily adjusted,81.72,8801934.0,0.0,1.0
2023-02-01 00:00:00,82.07,84.755,80.06,83.9,,Daily adjusted,83.9,11087226.0,0.0,1.0
2023-02-02 00:00:00,86.8,89.97,86.22,88.41,,Daily adjusted,88.41,13349943.0,0.0,1.0
2023-02-03 00:00:00,84.9,87.98,84.25,84.71,,Daily adjusted,84.71,12679111.0,0.0,1.0
2023-02-06 00:00:00,82.69,83.699,81.3101,82.55,,Daily adjusted,82.55,8593510.0,0.0,1.0
2023-02-07 00:00:00,82.08,83.855,80.66,83.18,,Daily adjusted,83.18,9804479.0,0.0,1.0
2023-02-08 00:00:00,82.9,84.29,81.12,81.13,,Daily adjusted,81.13,7213392.0,0.0,1.0
2023-02-09 00:00:00,81.35,82.08,75.6,76.18,,Daily adjusted,76.18,17350898.0,0.0,1.0
2023-02-10 00:00:00,75.1,76.0105,74.14,75.23,,Daily adjusted,75.23,11274090.0,0.0,1.0
2023-02-13 00:00:00,75.51,77.5684,74.74,76.82,,Daily adjusted,76.82,9590469.0,0.0,1.0
2023-02-14 00:00:00,76.04,79.45,75.55,78.8,,Daily adjusted,78.8,9780864.0,0.0,1.0
2023-02-15 00:00:00,78.7,82.7,78.53,82.69,,Daily adjusted,82.69,10122896.0,0.0,1.0
2023-02-16 00:00:00,80.27,81.33,78.5,78.63,,Daily adjusted,78.63,9541478.0,0.0,1.0
2023-02-17 00:00:00,76.97,77.03,74.17,75.02,,Daily adjusted,75.02,11261643.0,0.0,1.0
2023-02-21 00:00:00,73.09,74.49,71.92,71.95,,Daily adjusted,71.95,7855159.0,0.0,1.0
2023-02-22 00:00:00,72.72,73.68,71.8,72.94,,Daily adjusted,72.94,10562071.0,0.0,1.0
2023-02-23 00:00:00,74.27,74.89,71.84,74.15,,Daily adjusted,74.15,22855159.0,0.0,1.0
2023-02-24 00:00:00,77.47,78.02,73.52,77.36,,Daily adjusted,77.36,43473237.0,0.0,1.0
2023-02-27 00:00:00,77.29,77.73,74.86,75.14,,Daily adjusted,75.14,18197369.0,0.0,1.0
2023-02-28 00:00:00,75.33,78.02,74.52,76.73,,Daily adjusted,76.73,13187266.0,0.0,1.0
2023-03-01 00:00:00,76.31,76.73,74.65,76.63,,Daily adjusted,76.63,10075860.0,0.0,1.0
2023-03-02 00:00:00,75.44,78.59,74.545,78.04,,Daily adjusted,78.04,10129929.0,0.0,1.0
2023-03-03 00:00:00,78.67,81.13,77.65,80.88,,Daily adjusted,80.88,11059712.0,0.0,1.0
2023-03-06 00:00:00,81.4,83.08,80.29,80.81,,Daily adjusted,80.81,10328557.0,0.0,1.0
2023-03-07 00:00:00,80.48,81.4,77.93,78.04,,Daily adjusted,78.04,8082827.0,0.0,1.0
2023-03-08 00:00:00,77.97,78.69,75.83,77.95,,Daily adjusted,77.95,8610498.0,0.0,1.0
2023-03-09 00:00:00,77.82,79.6199,73.5,73.8,,Daily adjusted,73.8,12475188.0,0.0,1.0
2023-03-10 00:00:00,70.61,73.58,68.47,71.01,,Daily adjusted,71.01,18383058.0,0.0,1.0
2023-03-13 00:00:00,70.0,71.1,67.25,69.46,,Daily adjusted,69.46,14357360.0,0.0,1.0
2023-03-14 00:00:00,71.675,73.86,71.4,73.63,,Daily adjusted,73.63,13136711.0,0.0,1.0
2023-03-15 00:00:00,72.44,74.14,71.67,74.07,,Daily adjusted,74.07,9832228.0,0.0,1.0
2023-03-16 00:00:00,76.12,76.5,73.81,75.09,,Daily adjusted,75.09,11457632.0,0.0,1.0
2023-03-17 00:00:00,74.945,75.23,73.09,73.98,,Daily adjusted,73.98,9756165.0,0.0,1.0
2023-03-20 00:00:00,73.39,75.64,72.69,74.5,,Daily adjusted,74.5,10704491.0,0.0,1.0
2023-03-21 00:00:00,75.84,77.97,75.72,77.46,,Daily adjusted,77.46,10458733.0,0.0,1.0
2023-03-22 00:00:00,77.15,77.15,72.61,72.65,,Daily adjusted,72.65,17616515.0,0.0,1.0
2023-03-23 00:00:00,60.0,65.75,56.5,61.88,,Daily adjusted,61.88,140313854.0,0.0,1.0
2023-03-24 00:00:00,59.75,61.57,59.1,60.68,,Daily adjusted,60.68,48994433.0,0.0,1.0
2023-03-27 00:00:00,62.46,65.11,61.55,64.4,,Daily adjusted,64.4,33436715.0,0.0,1.0
2023-03-28 00:00:00,64.0,65.85,63.5,63.76,,Daily adjusted,63.76,17257753.0,0.0,1.0
2023-03-29 00:00:00,64.805,67.21,64.56,66.49,,Daily adjusted,66.49,17574593.0,0.0,1.0
2023-03-30 00:00:00,68.99,70.53,67.79,68.49,,Daily adjusted,68.49,21097692.0,0.0,1.0
2023-03-31 00:00:00,68.59,70.32,68.05,68.65,,Daily adjusted,68.65,17878468.0,0.0,1.0
2023-04-03 00:00:00,67.6,68.3899,65.805,67.83,,Daily adjusted,67.83,16969841.0,0.0,1.0
2023-04-04 00:00:00,68.26,69.74,67.67,68.84,,Daily adjusted,68.84,15229030.0,0.0,1.0
2023-04-05 00:00:00,67.215,68.24,66.62,67.66,,Daily adjusted,67.66,11586729.0,0.0,1.0
2023-04-06 00:00:00,66.8,69.03,66.16,68.1,,Daily adjusted,68.1,11359782.0,0.0,1.0
2015-11-27 00:00:00,13.0,13.15,11.52,12.05,,Weekly adjusted,12.05,14412668.0,0.0,
2015-12-04 00:00:00,12.28,12.35,11.8,12.04,,Weekly adjusted,12.04,7724422.0,0.0,
2015-12-11 00:00:00,12.14,12.6,11.9,11.95,,Weekly adjusted,11.95,6375332.0,0.0,
2015-12-18 00:00:00,12.2,12.8,11.87,12.34,,Weekly adjusted,12.34,7242378.0,0.0,
2015-12-24 00:00:00,12.37,12.66,12.02,12.6,,Weekly adjusted,12.6,2037648.0,0.0,
2015-12-31 00:00:00,12.6,13.5,12.49,13.09,,Weekly adjusted,13.09,5876673.0,0.0,
2016-01-08 00:00:00,12.75,12.9,11.0,11.31,,Weekly adjusted,11.31,9178302.0,0.0,
2016-01-15 00:00:00,11.43,12.2251,10.1,10.27,,Weekly adjusted,10.27,8716747.0,0.0,
2016-01-22 00:00:00,10.33,10.6499,8.265,9.85,,Weekly adjusted,9.85,9007016.0,0.0,
2016-01-29 00:00:00,9.87,10.08,8.58,8.77,,Weekly adjusted,8.77,6030300.0,0.0,
2016-02-05 00:00:00,8.79,9.0,8.061,8.63,,Weekly adjusted,8.63,5679779.0,0.0,
2016-02-12 00:00:00,8.5,9.8399,8.22,9.3,,Weekly adjusted,9.3,13763629.0,0.0,
2016-02-19 00:00:00,9.75,10.25,9.52,9.97,,Weekly adjusted,9.97,7532561.0,0.0,
2016-02-26 00:00:00,10.154,10.55,9.3201,10.32,,Weekly adjusted,10.32,4794328.0,0.0,
2016-03-04 00:00:00,10.36,12.65,10.24,12.01,,Weekly adjusted,12.01,9287396.0,0.0,
2016-03-11 00:00:00,12.0,12.645,10.9,11.1,,Weekly adjusted,11.1,21897829.0,0.0,
2016-03-18 00:00:00,11.14,12.09,11.01,12.04,,Weekly adjusted,12.04,10763525.0,0.0,
2016-03-24 00:00:00,12.05,13.8,12.0499,12.88,,Weekly adjusted,12.88,15009232.0,0.0,
2016-04-01 00:00:00,13.11,15.9099,12.771,14.22,,Weekly adjusted,14.22,22489607.0,0.0,
2016-04-08 00:00:00,14.28,15.5,13.74,15.13,,Weekly adjusted,15.13,10796744.0,0.0,
2016-04-15 00:00:00,15.15,15.87,14.18,14.33,,Weekly adjusted,14.33,12269489.0,0.0,
2016-04-22 00:00:00,14.2,14.74,13.0,13.34,,Weekly adjusted,13.34,11809013.0,0.0,
2016-04-29 00:00:00,13.55,15.67,13.41,14.89,,Weekly adjusted,14.89,10172097.0,0.0,
2016-05-06 00:00:00,14.9,15.0,10.1525,10.22,,Weekly adjusted,10.22,26636428.0,0.0,
2016-05-13 00:00:00,10.17,10.42,9.2,9.36,,Weekly adjusted,9.36,15053382.0,0.0,
2016-05-20 00:00:00,9.3,9.99,8.63,9.39,,Weekly adjusted,9.39,31797903.0,0.0,
2016-05-27 00:00:00,9.6,10.22,9.4,9.63,,Weekly adjusted,9.63,22749943.0,0.0,
2016-06-03 00:00:00,9.7,9.73,9.33,9.46,,Weekly adjusted,9.46,11403094.0,0.0,
2016-06-10 00:00:00,9.42,9.67,9.045,9.14,,Weekly adjusted,9.14,13764243.0,0.0,
2016-06-17 00:00:00,9.12,9.3234,8.64,9.04,,Weekly adjusted,9.04,17212800.0,0.0,
2016-06-24 00:00:00,8.99,9.42,8.52,8.77,,Weekly adjusted,8.77,21658168.0,0.0,
2016-07-01 00:00:00,8.72,9.42,8.42,9.27,,Weekly adjusted,9.27,17498769.0,0.0,
2016-07-08 00:00:00,9.2,9.4,8.78,9.3,,Weekly adjusted,9.3,10514396.0,0.0,
2016-07-15 00:00:00,9.35,9.5,9.1,9.17,,Weekly adjusted,9.17,10240181.0,0.0,
2016-07-22 00:00:00,9.12,9.891,9.1,9.73,,Weekly adjusted,9.73,10066289.0,0.0,
2016-07-29 00:00:00,9.71,10.3,9.6501,10.07,,Weekly adjusted,10.07,16369832.0,0.0,
2016-08-05 00:00:00,10.02,12.28,9.85,11.15,,Weekly adjusted,11.15,57011603.0,0.0,
2016-08-12 00:00:00,11.13,11.74,10.98,11.66,,Weekly adjusted,11.66,25839389.0,0.0,
2016-08-19 00:00:00,11.62,12.0,11.25,11.8,,Weekly adjusted,11.8,27332929.0,0.0,
2016-08-26 00:00:00,11.78,12.54,11.59,12.04,,Weekly adjusted,12.04,42127431.0,0.0,
2016-09-02 00:00:00,11.84,12.32,11.79,12.05,,Weekly adjusted,12.05,22942595.0,0.0,
2016-09-09 00:00:00,12.05,12.16,11.16,11.27,,Weekly adjusted,11.27,14260398.0,0.0,
2016-09-16 00:00:00,11.15,11.56,11.02,11.37,,Weekly adjusted,11.37,18265366.0,0.0,
2016-09-23 00:00:00,11.46,11.969,11.355,11.83,,Weekly adjusted,11.83,13920056.0,0.0,
2016-09-30 00:00:00,11.83,12.02,11.51,11.66,,Weekly adjusted,11.66,16945967.0,0.0,
2016-10-07 00:00:00,11.61,11.85,11.28,11.48,,Weekly adjusted,11.48,10318725.0,0.0,
2016-10-14 00:00:00,11.54,11.73,11.06,11.12,,Weekly adjusted,11.12,10934563.0,0.0,
2016-10-21 00:00:00,11.02,11.38,10.88,11.32,,Weekly adjusted,11.32,16304138.0,0.0,
2016-10-28 00:00:00,11.36,11.5,11.0,11.14,,Weekly adjusted,11.14,12539839.0,0.0,
2016-11-04 00:00:00,11.14,12.3,11.0,12.18,,Weekly adjusted,12.18,51516789.0,0.0,
2016-11-11 00:00:00,12.26,12.44,11.43,11.88,,Weekly adjusted,11.88,26315805.0,0.0,
2016-11-18 00:00:00,12.12,12.62,11.76,12.16,,Weekly adjusted,12.16,36300421.0,0.0,
2016-11-25 00:00:00,12.24,12.77,12.08,12.75,,Weekly adjusted,12.75,13603838.0,0.0,
2016-12-02 00:00:00,12.65,13.275,12.38,13.06,,Weekly adjusted,13.06,33782657.0,0.0,
2016-12-09 00:00:00,13.18,14.17,13.03,13.89,,Weekly adjusted,13.89,28488338.0,0.0,
2016-12-16 00:00:00,13.93,14.47,13.65,14.38,,Weekly adjusted,14.38,25063268.0,0.0,
2016-12-23 00:00:00,14.35,14.82,13.88,14.07,,Weekly adjusted,14.07,19965413.0,0.0,
2016-12-30 00:00:00,14.12,14.2463,13.53,13.63,,Weekly adjusted,13.63,11060021.0,0.0,
2017-01-06 00:00:00,13.82,15.0747,13.66,15.0,,Weekly adjusted,15.0,20504035.0,0.0,
2017-01-13 00:00:00,14.98,15.49,14.545,14.75,,Weekly adjusted,14.75,19899325.0,0.0,
2017-01-20 00:00:00,14.69,15.0,14.54,14.89,,Weekly adjusted,14.89,16940821.0,0.0,
2017-01-27 00:00:00,14.9,14.99,14.13,14.53,,Weekly adjusted,14.53,17398565.0,0.0,
2017-02-03 00:00:00,14.46,14.77,14.11,14.28,,Weekly adjusted,14.28,16233908.0,0.0,
2017-02-10 00:00:00,14.29,14.745,14.03,14.61,,Weekly adjusted,14.61,13538226.0,0.0,
2017-02-17 00:00:00,14.65,15.04,13.84,14.47,,Weekly adjusted,14.47,30847972.0,0.0,
2017-02-24 00:00:00,14.63,17.75,14.34,17.43,,Weekly adjusted,17.43,78210911.0,0.0,
2017-03-03 00:00:00,17.42,18.17,16.57,16.89,,Weekly adjusted,16.89,58792249.0,0.0,
2017-03-10 00:00:00,16.91,17.205,16.5,16.91,,Weekly adjusted,16.91,26199905.0,0.0,
2017-03-17 00:00:00,16.91,17.34,16.64,17.28,,Weekly adjusted,17.28,26741484.0,0.0,
2017-03-24 00:00:00,17.28,17.37,16.11,16.59,,Weekly adjusted,16.59,26597145.0,0.0,
2017-03-31 00:00:00,16.37,17.59,16.22,17.28,,Weekly adjusted,17.28,26639476.0,0.0,
2017-04-07 00:00:00,17.24,17.3,16.69,16.69,,Weekly adjusted,16.69,29196416.0,0.0,
2017-04-13 00:00:00,16.78,17.51,16.66,16.92,,Weekly adjusted,16.92,23427866.0,0.0,
2017-04-21 00:00:00,16.92,17.83,16.82,17.49,,Weekly adjusted,17.49,19351779.0,0.0,
2017-04-28 00:00:00,17.75,18.455,17.585,18.24,,Weekly adjusted,18.24,28176218.0,0.0,
2017-05-05 00:00:00,18.33,20.42,18.08,19.78,,Weekly adjusted,19.78,65848876.0,0.0,
2017-05-12 00:00:00,19.73,20.5,19.47,20.08,,Weekly adjusted,20.08,32496933.0,0.0,
2017-05-19 00:00:00,20.19,20.69,19.45,19.91,,Weekly adjusted,19.91,36230771.0,0.0,
2017-05-26 00:00:00,19.98,22.73,19.98,22.33,,Weekly adjusted,22.33,45593324.0,0.0,
2017-06-02 00:00:00,22.37,23.57,22.28,23.2,,Weekly adjusted,23.2,31915530.0,0.0,
2017-06-09 00:00:00,23.11,24.97,22.413,23.03,,Weekly adjusted,23.03,55592782.0,0.0,
2017-06-16 00:00:00,22.7,24.2,22.41,23.56,,Weekly adjusted,23.56,48804302.0,0.0,
2017-06-23 00:00:00,23.62,24.46,23.56,24.17,,Weekly adjusted,24.17,39699431.0,0.0,
2017-06-30 00:00:00,24.33,24.5,23.21,23.46,,Weekly adjusted,23.46,29304154.0,0.0,
2017-07-07 00:00:00,23.55,24.16,22.66,23.59,,Weekly adjusted,23.59,21346124.0,0.0,
2017-07-14 00:00:00,23.58,26.65,23.44,26.33,,Weekly adjusted,26.33,52874615.0,0.0,
2017-07-21 00:00:00,26.49,27.11,26.06,26.85,,Weekly adjusted,26.85,26316563.0,0.0,
2017-07-28 00:00:00,26.85,27.97,25.2,26.2,,Weekly adjusted,26.2,43484448.0,0.0,
2017-08-04 00:00:00,26.47,27.3,24.7,25.21,,Weekly adjusted,25.21,53699985.0,0.0,
2017-08-11 00:00:00,25.34,26.27,24.36,24.82,,Weekly adjusted,24.82,32678225.0,0.0,
2017-08-18 00:00:00,25.25,25.47,24.51,24.83,,Weekly adjusted,24.83,24154529.0,0.0,
2017-08-25 00:00:00,24.92,25.88,24.22,24.99,,Weekly adjusted,24.99,29295240.0,0.0,
2017-09-01 00:00:00,25.11,26.49,24.64,25.93,,Weekly adjusted,25.93,20259875.0,0.0,
2017-09-08 00:00:00,25.75,26.99,25.24,26.53,,Weekly adjusted,26.53,25255430.0,0.0,
2017-09-15 00:00:00,26.8,28.8,26.671,28.5,,Weekly adjusted,28.5,56678014.0,0.0,
2017-09-22 00:00:00,28.59,29.0,28.07,28.75,,Weekly adjusted,28.75,28396660.0,0.0,
2017-09-29 00:00:00,28.75,28.875,27.21,28.81,,Weekly adjusted,28.81,31763386.0,0.0,
2017-10-06 00:00:00,28.8,30.9,28.78,30.76,,Weekly adjusted,30.76,34125647.0,0.0,
2017-10-13 00:00:00,30.77,33.22,30.65,32.81,,Weekly adjusted,32.81,36214018.0,0.0,
2017-10-20 00:00:00,32.95,33.305,31.441,32.5,,Weekly adjusted,32.5,35538590.0,0.0,
2017-10-27 00:00:00,32.74,35.29,32.2,35.2,,Weekly adjusted,35.2,39333485.0,0.0,
2017-11-03 00:00:00,35.8,37.52,34.66,36.89,,Weekly adjusted,36.89,49441768.0,0.0,
2017-11-10 00:00:00,37.31,39.731,34.83,39.21,,Weekly adjusted,39.21,75460051.0,0.0,
2017-11-17 00:00:00,39.13,45.74,38.31,44.18,,Weekly adjusted,44.18,105644664.0,0.0,
2017-11-24 00:00:00,44.99,49.56,44.58,48.86,,Weekly adjusted,48.86,118679766.0,0.0,
2017-12-01 00:00:00,47.21,47.4,36.72,38.22,,Weekly adjusted,38.22,249765835.0,0.0,
2017-12-08 00:00:00,38.41,39.79,35.9,38.09,,Weekly adjusted,38.09,124302983.0,0.0,
2017-12-15 00:00:00,38.01,39.64,35.8,37.03,,Weekly adjusted,37.03,93861998.0,0.0,
2017-12-22 00:00:00,37.38,38.1,34.14,35.14,,Weekly adjusted,35.14,61979883.0,0.0,
2017-12-29 00:00:00,35.0,36.1,34.38,34.67,,Weekly adjusted,34.67,35370657.0,0.0,
2018-01-05 00:00:00,34.7,41.15,34.68,41.14,,Weekly adjusted,41.14,74430212.0,0.0,
2018-01-12 00:00:00,41.0,43.08,39.22,41.25,,Weekly adjusted,41.25,87478486.0,0.0,
2018-01-19 00:00:00,41.15,42.98,38.67,42.56,,Weekly adjusted,42.56,62264092.0,0.0,
2018-01-26 00:00:00,42.8,46.25,42.76,45.97,,Weekly adjusted,45.97,81315917.0,0.0,
2018-02-02 00:00:00,46.08,47.5,42.56,43.61,,Weekly adjusted,43.61,63415435.0,0.0,
2018-02-09 00:00:00,42.04,44.23,36.76,39.57,,Weekly adjusted,39.57,83280093.0,0.0,
2018-02-16 00:00:00,39.81,45.19,38.8,44.11,,Weekly adjusted,44.11,69426132.0,0.0,
2018-02-23 00:00:00,44.56,46.44,43.8,44.86,,Weekly adjusted,44.86,42092025.0,0.0,
2018-03-02 00:00:00,45.5,48.0,44.29,46.02,,Weekly adjusted,46.02,85667486.0,0.0,
2018-03-09 00:00:00,45.46,53.22,45.44,52.49,,Weekly adjusted,52.49,98275010.0,0.0,
2018-03-16 00:00:00,52.62,55.54,50.76,54.89,,Weekly adjusted,54.89,72266934.0,0.0,
2018-03-23 00:00:00,54.78,58.46,51.12,51.67,,Weekly adjusted,51.67,83599000.0,0.0,
2018-03-29 00:00:00,53.05,55.15,46.14,49.2,,Weekly adjusted,49.2,70746482.0,0.0,
2018-04-06 00:00:00,48.88,49.37,44.94,45.87,,Weekly adjusted,45.87,55813158.0,0.0,
2018-04-13 00:00:00,46.13,50.42,45.83,47.5,,Weekly adjusted,47.5,46784816.0,0.0,
2018-04-20 00:00:00,47.78,52.4999,46.37,51.46,,Weekly adjusted,51.46,44816040.0,0.0,
2018-04-27 00:00:00,51.8,51.99,43.72,47.57,,Weekly adjusted,47.57,61945416.0,0.0,
2018-05-04 00:00:00,47.7,50.0,45.76,49.1,,Weekly adjusted,49.1,73456271.0,0.0,
2018-05-11 00:00:00,49.1,55.5,49.05,54.73,,Weekly adjusted,54.73,62525185.0,0.0,
2018-05-18 00:00:00,55.05,57.19,53.0,55.04,,Weekly adjusted,55.04,53754858.0,0.0,
2018-05-25 00:00:00,56.04,57.05,53.66,55.77,,Weekly adjusted,55.77,40552196.0,0.0,
2018-06-01 00:00:00,56.0,60.26,55.89,59.41,,Weekly adjusted,59.41,38164729.0,0.0,
2018-06-08 00:00:00,60.49,62.83,59.3,61.78,,Weekly adjusted,61.78,50837186.0,0.0,
2018-06-15 00:00:00,61.97,64.85,59.5,64.48,,Weekly adjusted,64.48,46713158.0,0.0,
2018-06-22 00:00:00,64.15,69.4,63.5501,65.75,,Weekly adjusted,65.75,53915218.0,0.0,
2018-06-29 00:00:00,64.0,64.16,59.4,61.64,,Weekly adjusted,61.64,58011314.0,0.0,
2018-07-06 00:00:00,60.47,66.52,60.26,66.44,,Weekly adjusted,66.44,27776374.0,0.0,
2018-07-13 00:00:00,67.3,67.5,64.12,66.97,,Weekly adjusted,66.97,40701437.0,0.0,
2018-07-20 00:00:00,66.69,72.09,66.37,70.41,,Weekly adjusted,70.41,37862486.0,0.0,
2018-07-27 00:00:00,70.5,73.19,68.2,69.85,,Weekly adjusted,69.85,43002589.0,0.0,
2018-08-03 00:00:00,70.04,72.82,63.21,68.36,,Weekly adjusted,68.36,72062683.0,0.0,
2018-08-10 00:00:00,69.61,72.23,68.74,70.6,,Weekly adjusted,70.6,42163562.0,0.0,
2018-08-17 00:00:00,70.69,75.45,70.6,72.9,,Weekly adjusted,72.9,50767054.0,0.0,
2018-08-24 00:00:00,72.95,78.47,72.01,78.18,,Weekly adjusted,78.18,37264565.0,0.0,
2018-08-31 00:00:00,78.79,89.695,77.26,88.64,,Weekly adjusted,88.64,73468626.0,0.0,
2018-09-07 00:00:00,88.74,91.64,84.34,89.97,,Weekly adjusted,89.97,54801556.0,0.0,
2018-09-14 00:00:00,90.34,92.919,87.79,90.82,,Weekly adjusted,90.82,51883903.0,0.0,
2018-09-21 00:00:00,90.14,91.95,83.33,85.3,,Weekly adjusted,85.3,53596885.0,0.0,
2018-09-28 00:00:00,83.9,100.39,81.53,99.01,,Weekly adjusted,99.01,98166814.0,0.0,
2018-10-05 00:00:00,100.8,101.15,91.63,94.11,,Weekly adjusted,94.11,60328562.0,0.0,
2018-10-12 00:00:00,92.4,92.64,65.0,73.97,,Weekly adjusted,73.97,181352582.0,0.0,
2018-10-19 00:00:00,74.56,80.32,72.75,74.07,,Weekly adjusted,74.07,94789394.0,0.0,
2018-10-26 00:00:00,74.8,76.3499,68.9,71.12,,Weekly adjusted,71.12,79019816.0,0.0,
2018-11-02 00:00:00,72.47,79.94,64.4941,77.76,,Weekly adjusted,77.76,82706181.0,0.0,
2018-11-09 00:00:00,76.87,83.0,71.5,73.27,,Weekly adjusted,73.27,112532603.0,0.0,
2018-11-16 00:00:00,73.01,74.22,67.211,70.59,,Weekly adjusted,70.59,78275753.0,0.0,
2018-11-23 00:00:00,70.09,70.4,55.37,63.47,,Weekly adjusted,63.47,79037793.0,0.0,
2018-11-30 00:00:00,64.8,70.72,63.78,69.84,,Weekly adjusted,69.84,64846878.0,0.0,
2018-12-07 00:00:00,73.07,73.09,59.0,60.78,,Weekly adjusted,60.78,91308670.0,0.0,
2018-12-14 00:00:00,59.77,65.75,59.75,62.14,,Weekly adjusted,62.14,73366926.0,0.0,
2018-12-21 00:00:00,61.08,62.49,52.15,52.51,,Weekly adjusted,52.51,101039074.0,0.0,
2018-12-28 00:00:00,50.38,57.1,49.82,55.87,,Weekly adjusted,55.87,69523098.0,0.0,
2019-01-04 00:00:00,56.44,59.66,52.26,58.18,,Weekly adjusted,58.18,75997811.0,0.0,
2019-01-11 00:00:00,59.0,67.64,58.0501,66.23,,Weekly adjusted,66.23,88681600.0,0.0,
2019-01-18 00:00:00,64.72,72.26,63.74,72.24,,Weekly adjusted,72.24,80877842.0,0.0,
2019-01-25 00:00:00,71.61,78.15,67.27,77.97,,Weekly adjusted,77.97,86758142.0,0.0,
2019-02-01 00:00:00,75.39,77.01,68.05,70.8,,Weekly adjusted,70.8,95152263.0,0.0,
2019-02-08 00:00:00,71.0,75.17,70.23,73.49,,Weekly adjusted,73.49,59298559.0,0.0,
2019-02-15 00:00:00,74.56,77.2473,73.56,75.64,,Weekly adjusted,75.64,47298161.0,0.0,
2019-02-22 00:00:00,75.96,77.67,74.135,76.08,,Weekly adjusted,76.08,31472326.0,0.0,
2019-03-01 00:00:00,77.8,82.78,74.57,77.46,,Weekly adjusted,77.46,100941216.0,0.0,
2019-03-08 00:00:00,77.99,78.49,71.1,74.4,,Weekly adjusted,74.4,52277470.0,0.0,
2019-03-15 00:00:00,74.99,78.85,74.62,76.65,,Weekly adjusted,76.65,41125555.0,0.0,
2019-03-22 00:00:00,76.61,79.2,73.51,75.09,,Weekly adjusted,75.09,50981104.0,0.0,
2019-03-29 00:00:00,74.45,75.77,71.64,74.92,,Weekly adjusted,74.92,42786989.0,0.0,
2019-04-05 00:00:00,75.59,77.84,73.63,75.03,,Weekly adjusted,75.03,43623311.0,0.0,
2019-04-12 00:00:00,74.76,76.46,73.76,75.28,,Weekly adjusted,75.28,34869515.0,0.0,
2019-04-18 00:00:00,75.23,76.33,69.79,70.74,,Weekly adjusted,70.74,30962366.0,0.0,
2019-04-26 00:00:00,70.05,73.56,70.0,71.55,,Weekly adjusted,71.55,34985993.0,0.0,
2019-05-03 00:00:00,71.54,74.73,66.05,68.52,,Weekly adjusted,68.52,75137289.0,0.0,
2019-05-10 00:00:00,65.46,70.34,64.46,65.99,,Weekly adjusted,65.99,51091235.0,0.0,
2019-05-17 00:00:00,63.9,67.15,61.65,65.31,,Weekly adjusted,65.31,47947499.0,0.0,
2019-05-24 00:00:00,64.15,67.0427,62.77,64.66,,Weekly adjusted,64.66,36547232.0,0.0,
2019-05-31 00:00:00,65.2,67.67,61.31,61.95,,Weekly adjusted,61.95,33231156.0,0.0,
2019-06-07 00:00:00,61.95,69.07,59.8922,68.46,,Weekly adjusted,68.46,42891805.0,0.0,
2019-06-14 00:00:00,69.57,72.75,69.11,71.59,,Weekly adjusted,71.59,37957022.0,0.0,
2019-06-21 00:00:00,72.0,74.55,71.27,72.87,,Weekly adjusted,72.87,36277251.0,0.0,
2019-06-28 00:00:00,72.98,73.679,69.26,72.53,,Weekly adjusted,72.53,39043850.0,0.0,
2019-07-05 00:00:00,73.9,74.36,72.65,74.31,,Weekly adjusted,74.31,20422817.0,0.0,
2019-07-12 00:00:00,73.8,82.66,73.06,82.28,,Weekly adjusted,82.28,57533261.0,0.0,
2019-07-19 00:00:00,82.48,82.51,78.42,78.51,,Weekly adjusted,78.51,32197027.0,0.0,
2019-07-26 00:00:00,79.13,82.32,77.8605,81.81,,Weekly adjusted,81.81,24049864.0,0.0,
2019-08-02 00:00:00,81.88,83.2,67.25,69.6,,Weekly adjusted,69.6,79809404.0,0.0,
2019-08-09 00:00:00,66.2,67.4,62.85,65.01,,Weekly adjusted,65.01,62547656.0,0.0,
2019-08-16 00:00:00,64.02,64.2365,60.47,62.87,,Weekly adjusted,62.87,43344792.0,0.0,
2019-08-23 00:00:00,64.0,66.14,61.4,61.78,,Weekly adjusted,61.78,33403899.0,0.0,
2019-08-30 00:00:00,62.92,63.52,60.6,61.84,,Weekly adjusted,61.84,25286859.0,0.0,
2019-09-06 00:00:00,62.43,63.98,60.77,62.0,,Weekly adjusted,62.0,31589318.0,0.0,
2019-09-13 00:00:00,62.55,62.73,55.91,58.29,,Weekly adjusted,58.29,59401318.0,0.0,
2019-09-20 00:00:00,57.34,60.7,56.925,57.85,,Weekly adjusted,57.85,46971752.0,0.0,
2019-09-27 00:00:00,57.15,61.65,54.4101,60.75,,Weekly adjusted,60.75,66177197.0,0.0,
2019-10-04 00:00:00,60.96,62.99,58.86,62.65,,Weekly adjusted,62.65,37095978.0,0.0,
2019-10-11 00:00:00,62.24,63.56,60.63,61.54,,Weekly adjusted,61.54,26593911.0,0.0,
2019-10-18 00:00:00,61.52,64.55,59.7825,60.45,,Weekly adjusted,60.45,27709634.0,0.0,
2019-10-25 00:00:00,60.7,63.25,57.62,62.89,,Weekly adjusted,62.89,33742514.0,0.0,
2019-11-01 00:00:00,62.82,63.6168,60.9,62.6,,Weekly adjusted,62.6,26617044.0,0.0,
2019-11-08 00:00:00,63.3,66.6,59.91,62.45,,Weekly adjusted,62.45,64847269.0,0.0,
2019-11-15 00:00:00,61.88,64.895,60.82,64.7,,Weekly adjusted,64.7,44771247.0,0.0,
2019-11-22 00:00:00,64.5,68.07,64.23,67.75,,Weekly adjusted,67.75,37551048.0,0.0,
2019-11-29 00:00:00,68.32,69.73,67.93,69.12,,Weekly adjusted,69.12,26469325.0,0.0,
2019-12-06 00:00:00,68.95,68.96,64.68,67.98,,Weekly adjusted,67.98,23289987.0,0.0,
2019-12-13 00:00:00,67.78,68.06,64.4849,64.8,,Weekly adjusted,64.8,28749498.0,0.0,
2019-12-20 00:00:00,65.0,67.3,63.54,63.63,,Weekly adjusted,63.63,27629690.0,0.0,
2019-12-27 00:00:00,63.52,64.9153,62.37,63.8,,Weekly adjusted,63.8,17495367.0,0.0,
2020-01-03 00:00:00,63.5,64.05,61.0,63.0,,Weekly adjusted,63.0,22191681.0,0.0,
2020-01-10 00:00:00,61.36,69.51,61.13,67.99,,Weekly adjusted,67.99,43623350.0,0.0,
2020-01-17 00:00:00,68.24,71.0,67.82,69.38,,Weekly adjusted,69.38,36048616.0,0.0,
2020-01-24 00:00:00,69.2,71.92,67.55,71.14,,Weekly adjusted,71.14,25323835.0,0.0,
2020-01-31 00:00:00,68.39,77.07,68.34,74.69,,Weekly adjusted,74.69,54831019.0,0.0,
2020-02-07 00:00:00,74.89,82.1,74.6,78.86,,Weekly adjusted,78.86,47063354.0,0.0,
2020-02-14 00:00:00,79.6,82.59,78.9,81.86,,Weekly adjusted,81.86,23629245.0,0.0,
2020-02-21 00:00:00,81.68,87.25,80.3,83.49,,Weekly adjusted,83.49,33626264.0,0.0,
2020-02-28 00:00:00,76.57,85.9354,75.79,83.33,,Weekly adjusted,83.33,90934897.0,0.0,
2020-03-06 00:00:00,82.8,84.42,70.27,73.09,,Weekly adjusted,73.09,76843919.0,0.0,
2020-03-13 00:00:00,67.21,68.56,52.31,57.77,,Weekly adjusted,57.77,75866640.0,0.0,
2020-03-20 00:00:00,49.25,49.25,32.33,38.09,,Weekly adjusted,38.09,128417938.0,0.0,
2020-03-27 00:00:00,38.47,59.25,36.11,53.34,,Weekly adjusted,53.34,120979989.0,0.0,
2020-04-03 00:00:00,52.9,55.44,42.33,43.72,,Weekly adjusted,43.72,78482681.0,0.0,
2020-04-09 00:00:00,47.22,64.94,46.19,59.21,,Weekly adjusted,59.21,98137192.0,0.0,
2020-04-17 00:00:00,60.1,62.61,56.12,61.09,,Weekly adjusted,61.09,79244894.0,0.0,
2020-04-24 00:00:00,59.44,63.59,56.86,62.01,,Weekly adjusted,62.01,65767832.0,0.0,
2020-05-01 00:00:00,63.61,66.89,60.9,63.0,,Weekly adjusted,63.0,56987230.0,0.0,
2020-05-08 00:00:00,61.34,76.8,61.09,76.05,,Weekly adjusted,76.05,86462039.0,0.0,
2020-05-15 00:00:00,75.7,81.13,70.82,80.26,,Weekly adjusted,80.26,75995597.0,0.0,
2020-05-22 00:00:00,78.7,83.1,76.25,81.49,,Weekly adjusted,81.49,56903599.0,0.0,
2020-05-29 00:00:00,83.98,84.09,76.02,81.08,,Weekly adjusted,81.08,39558641.0,0.0,
2020-06-05 00:00:00,81.0,92.9599,80.12,89.93,,Weekly adjusted,89.93,68604331.0,0.0,
2020-06-12 00:00:00,90.5,92.97,84.25,86.72,,Weekly adjusted,86.72,50615255.0,0.0,
2020-06-19 00:00:00,84.79,102.26,84.06,97.98,,Weekly adjusted,97.98,62513762.0,0.0,
2020-06-26 00:00:00,99.74,107.84,98.93,104.3,,Weekly adjusted,104.3,77631638.0,0.0,
2020-07-02 00:00:00,105.15,118.78,101.22,113.39,,Weekly adjusted,113.39,54294000.0,0.0,
2020-07-10 00:00:00,118.79,133.81,118.03,128.05,,Weekly adjusted,128.05,121644800.0,0.0,
2020-07-17 00:00:00,131.05,133.24,111.14,120.73,,Weekly adjusted,120.73,63960600.0,0.0,
2020-07-24 00:00:00,121.26,131.71,117.0,121.41,,Weekly adjusted,121.41,50736868.0,0.0,
2020-07-31 00:00:00,124.62,131.9,122.34,129.85,,Weekly adjusted,129.85,44304276.0,0.0,
2020-08-07 00:00:00,130.26,158.43,130.26,147.22,,Weekly adjusted,147.22,96902622.0,0.0,
2020-08-14 00:00:00,147.53,147.82,135.03,141.96,,Weekly adjusted,141.96,53316973.0,0.0,
2020-08-21 00:00:00,144.49,159.47,143.18,155.1,,Weekly adjusted,155.1,49276723.0,0.0,
2020-08-28 00:00:00,159.0,161.5399,149.0,155.93,,Weekly adjusted,155.93,40840577.0,0.0,
2020-09-04 00:00:00,157.0,170.61,134.0,146.39,,Weekly adjusted,146.39,65580098.0,0.0,
2020-09-11 00:00:00,137.01,148.545,134.26,137.45,,Weekly adjusted,137.45,35284828.0,0.0,
2020-09-18 00:00:00,140.07,159.0,138.81,145.01,,Weekly adjusted,145.01,57371336.0,0.0,
2020-09-25 00:00:00,140.42,158.98,139.3101,157.72,,Weekly adjusted,157.72,54715991.0,0.0,
2020-10-02 00:00:00,160.49,171.24,158.23,169.61,,Weekly adjusted,169.61,46820376.0,0.0,
2020-10-09 00:00:00,172.43,188.74,171.5,187.28,,Weekly adjusted,187.28,50183075.0,0.0,
2020-10-16 00:00:00,190.68,193.4399,181.2,186.35,,Weekly adjusted,186.35,32659606.0,0.0,
2020-10-23 00:00:00,188.11,191.3999,173.34,176.77,,Weekly adjusted,176.77,31656439.0,0.0,
2020-10-30 00:00:00,175.01,176.86,152.43,154.88,,Weekly adjusted,154.88,38227451.0,0.0,
2020-11-06 00:00:00,158.0,201.33,151.1,198.08,,Weekly adjusted,198.08,67123606.0,0.0,
2020-11-13 00:00:00,191.305,197.0,167.11,177.19,,Weekly adjusted,177.19,54984073.0,0.0,
2020-11-20 00:00:00,175.83,200.99,173.01,195.97,,Weekly adjusted,195.97,47411349.0,0.0,
2020-11-27 00:00:00,200.11,215.0,199.27,212.52,,Weekly adjusted,212.52,44078499.0,0.0,
2020-12-04 00:00:00,213.0,213.54,195.13,208.15,,Weekly adjusted,208.15,48737927.0,0.0,
2020-12-11 00:00:00,209.79,222.2,203.57,216.59,,Weekly adjusted,216.59,38235374.0,0.0,
2020-12-18 00:00:00,218.01,237.09,214.5008,235.45,,Weekly adjusted,235.45,39848710.0,0.0,
2020-12-24 00:00:00,236.09,243.38,225.9,228.28,,Weekly adjusted,228.28,42489312.0,0.0,
2020-12-31 00:00:00,232.38,232.95,208.81,217.64,,Weekly adjusted,217.64,43749170.0,0.0,
2021-01-08 00:00:00,222.495,246.49,216.0,241.45,,Weekly adjusted,241.45,50857587.0,0.0,
2021-01-15 00:00:00,231.61,238.76,223.72,227.75,,Weekly adjusted,227.75,43878616.0,0.0,
2021-01-22 00:00:00,231.07,231.59,217.71,222.88,,Weekly adjusted,222.88,29857999.0,0.0,
2021-01-29 00:00:00,225.0,225.94,197.7,215.96,,Weekly adjusted,215.96,54145056.0,0.0,
2021-02-05 00:00:00,215.81,240.57,213.44,240.38,,Weekly adjusted,240.38,33496778.0,0.0,
2021-02-12 00:00:00,245.08,273.84,244.0,272.75,,Weekly adjusted,272.75,53484679.0,0.0,
2021-02-19 00:00:00,277.12,283.1898,260.76,276.57,,Weekly adjusted,276.57,34818822.0,0.0,
2021-02-26 00:00:00,271.85,278.1,217.4,230.03,,Weekly adjusted,230.03,85239923.0,0.0,
2021-03-05 00:00:00,238.11,258.4899,191.36,216.44,,Weekly adjusted,216.44,81756247.0,0.0,
2021-03-12 00:00:00,217.71,243.49,201.0,242.11,,Weekly adjusted,242.11,61534767.0,0.0,
2021-03-19 00:00:00,243.52,252.5,219.52,224.84,,Weekly adjusted,224.84,49497371.0,0.0,
2021-03-26 00:00:00,225.24,230.18,202.1,213.6,,Weekly adjusted,213.6,43315179.0,0.0,
2021-04-01 00:00:00,212.0,236.46,202.83,229.51,,Weekly adjusted,229.51,43146051.0,0.0,
2021-04-09 00:00:00,231.62,265.3,224.1,261.65,,Weekly adjusted,261.65,64012878.0,0.0,
2021-04-16 00:00:00,258.19,278.13,254.669,256.1,,Weekly adjusted,256.1,49593016.0,0.0,
2021-04-23 00:00:00,250.22,255.805,240.3401,246.43,,Weekly adjusted,246.43,54478875.0,0.0,
2021-04-30 00:00:00,248.27,260.81,243.39,244.82,,Weekly adjusted,244.82,34207720.0,0.0,
2021-05-07 00:00:00,246.6,249.4194,216.7,233.35,,Weekly adjusted,233.35,47780679.0,0.0,
2021-05-14 00:00:00,229.62,230.0,192.29,207.85,,Weekly adjusted,207.85,71606231.0,0.0,
2021-05-21 00:00:00,205.0,209.73,192.21,200.01,,Weekly adjusted,200.01,56221864.0,0.0,
2021-05-28 00:00:00,202.17,225.9,197.3,222.52,,Weekly adjusted,222.52,55243830.0,0.0,
2021-06-04 00:00:00,223.54,227.065,211.25,213.69,,Weekly adjusted,213.69,30294630.0,0.0,
2021-06-11 00:00:00,214.25,222.7899,209.8,219.34,,Weekly adjusted,219.34,33771703.0,0.0,
2021-06-18 00:00:00,223.05,239.96,220.11,237.05,,Weekly adjusted,237.05,49466660.0,0.0,
2021-06-25 00:00:00,234.91,248.9,228.82,239.94,,Weekly adjusted,239.94,37323867.0,0.0,
2021-07-02 00:00:00,241.7,251.91,237.8,241.08,,Weekly adjusted,241.08,30246037.0,0.0,
2021-07-09 00:00:00,241.31,254.78,230.6,241.89,,Weekly adjusted,241.89,26578082.0,0.0,
2021-07-16 00:00:00,243.58,247.49,233.11,237.52,,Weekly adjusted,237.52,33238829.0,0.0,
2021-07-23 00:00:00,231.91,267.77,225.28,264.0,,Weekly adjusted,264.0,38264662.0,0.0,
2021-07-30 00:00:00,264.97,265.74,244.35,247.26,,Weekly adjusted,247.26,30637567.0,0.0,
2021-08-06 00:00:00,247.93,289.23,247.01,275.1,,Weekly adjusted,275.1,106321446.0,0.0,
2021-08-13 00:00:00,272.99,286.52,265.55,267.88,,Weekly adjusted,267.88,34736745.0,0.0,
2021-08-20 00:00:00,266.35,267.3799,254.14,263.05,,Weekly adjusted,263.05,26834123.0,0.0,
2021-08-27 00:00:00,267.71,274.188,260.94,268.01,,Weekly adjusted,268.01,22718649.0,0.0,
2021-09-03 00:00:00,271.0,276.14,263.68,269.74,,Weekly adjusted,269.74,26732480.0,0.0,
2021-09-10 00:00:00,270.08,270.45,247.38,247.9,,Weekly adjusted,247.9,28277141.0,0.0,
2021-09-17 00:00:00,248.74,257.27,237.91,255.79,,Weekly adjusted,255.79,28600292.0,0.0,
2021-09-24 00:00:00,245.33,268.17,244.61,262.5,,Weekly adjusted,262.5,31587873.0,0.0,
2021-10-01 00:00:00,258.1,259.86,235.2201,239.29,,Weekly adjusted,239.29,34467674.0,0.0,
2021-10-08 00:00:00,235.61,251.65,222.92,238.49,,Weekly adjusted,238.49,47043604.0,0.0,
2021-10-15 00:00:00,238.49,251.34,232.0,249.0,,Weekly adjusted,249.0,30285490.0,0.0,
2021-10-22 00:00:00,247.45,265.65,244.16,253.06,,Weekly adjusted,253.06,31514198.0,0.0,
2021-10-29 00:00:00,252.55,270.16,252.28,254.5,,Weekly adjusted,254.5,28149577.0,0.0,
2021-11-05 00:00:00,255.12,255.9499,237.08,237.38,,Weekly adjusted,237.38,39445619.0,0.0,
2021-11-12 00:00:00,237.99,241.42,225.25,227.3,,Weekly adjusted,227.3,32324236.0,0.0,
2021-11-19 00:00:00,229.0,241.5,224.09,225.14,,Weekly adjusted,225.14,30224933.0,0.0,
2021-11-26 00:00:00,222.71,224.57,205.28,212.08,,Weekly adjusted,212.08,36171694.0,0.0,
2021-12-03 00:00:00,220.46,220.6,174.335,181.31,,Weekly adjusted,181.31,65122946.0,0.0,
2021-12-10 00:00:00,176.87,195.28,170.75,181.32,,Weekly adjusted,181.32,45398339.0,0.0,
2021-12-17 00:00:00,179.11,181.1,158.38,167.06,,Weekly adjusted,167.06,54784812.0,0.0,
2021-12-23 00:00:00,162.99,171.89,157.57,167.71,,Weekly adjusted,167.71,34298468.0,0.0,
2021-12-31 00:00:00,168.15,171.4,158.5,161.51,,Weekly adjusted,161.51,32024556.0,0.0,
2022-01-07 00:00:00,162.87,165.2,138.09,141.54,,Weekly adjusted,141.54,65308939.0,0.0,
2022-01-14 00:00:00,139.65,152.7,129.3076,133.29,,Weekly adjusted,133.29,65527817.0,0.0,
2022-01-21 00:00:00,130.03,137.09,117.81,118.1,,Weekly adjusted,118.1,68451124.0,0.0,
2022-01-28 00:00:00,113.5,121.91,101.75,110.38,,Weekly adjusted,110.38,100985622.0,0.0,
2022-02-04 00:00:00,112.86,130.73,99.81,108.87,,Weekly adjusted,108.87,107024445.0,0.0,
2022-02-11 00:00:00,106.86,119.0,99.5,107.88,,Weekly adjusted,107.88,126552595.0,0.0,
2022-02-18 00:00:00,107.79,116.36,96.83,97.72,,Weekly adjusted,97.72,91187847.0,0.0,
2022-02-25 00:00:00,95.77,120.7,82.72,119.82,,Weekly adjusted,119.82,131116434.0,0.0,
2022-03-04 00:00:00,118.31,131.95,105.07,106.52,,Weekly adjusted,106.52,138406819.0,0.0,
2022-03-11 00:00:00,107.17,113.82,93.3001,101.93,,Weekly adjusted,101.93,111771799.0,0.0,
2022-03-18 00:00:00,100.03,142.94,92.7198,140.64,,Weekly adjusted,140.64,135847310.0,0.0,
2022-03-25 00:00:00,138.36,146.79,127.23,130.33,,Weekly adjusted,130.33,106374021.0,0.0,
2022-04-01 00:00:00,132.0,149.0,131.73,133.62,,Weekly adjusted,133.62,90031006.0,0.0,
2022-04-08 00:00:00,136.85,145.58,120.11,123.22,,Weekly adjusted,123.22,85168235.0,0.0,
2022-04-14 00:00:00,120.28,130.89,118.92,121.31,,Weekly adjusted,121.31,48552956.0,0.0,
2022-04-22 00:00:00,120.79,127.1495,102.02,102.67,,Weekly adjusted,102.67,61391991.0,0.0,
2022-04-29 00:00:00,101.8701,110.4398,97.39,99.54,,Weekly adjusted,99.54,71206268.0,0.0,
2022-05-06 00:00:00,98.3,108.0,88.5567,96.19,,Weekly adjusted,96.19,114290196.0,0.0,
2022-05-13 00:00:00,93.06,93.9685,65.1,84.15,,Weekly adjusted,84.15,160223092.0,0.0,
2022-05-20 00:00:00,82.27,90.25,78.88,83.44,,Weekly adjusted,83.44,112167755.0,0.0,
2022-05-27 00:00:00,83.82,90.99,74.16,90.52,,Weekly adjusted,90.52,94431197.0,0.0,
2022-06-03 00:00:00,90.0,90.6,81.3531,83.1,,Weekly adjusted,83.1,72912389.0,0.0,
2022-06-10 00:00:00,84.86,87.55,70.23,71.87,,Weekly adjusted,71.87,81981236.0,0.0,
2022-06-17 00:00:00,66.16,68.78,56.01,58.51,,Weekly adjusted,58.51,118591030.0,0.0,
2022-06-24 00:00:00,59.72,71.01,59.24,71.0,,Weekly adjusted,71.0,78806854.0,0.0,
2022-07-01 00:00:00,70.79,71.75,59.08,63.9,,Weekly adjusted,63.9,74957617.0,0.0,
2022-07-08 00:00:00,61.84,69.58,60.35,67.02,,Weekly adjusted,67.02,56591482.0,0.0,
2022-07-15 00:00:00,66.15,66.88,60.82,65.98,,Weekly adjusted,65.98,62730970.0,0.0,
2022-07-22 00:00:00,67.88,76.44,64.265,71.8,,Weekly adjusted,71.8,75732827.0,0.0,
2022-07-29 00:00:00,72.04,76.09,65.9,76.06,,Weekly adjusted,76.06,55893231.0,0.0,
2022-08-05 00:00:00,75.48,93.1899,74.45,87.73,,Weekly adjusted,87.73,104133499.0,0.0,
2022-08-12 00:00:00,88.05,92.1,79.95,87.95,,Weekly adjusted,87.95,74325327.0,0.0,
2022-08-19 00:00:00,87.72,89.1937,73.8802,74.36,,Weekly adjusted,74.36,62295470.0,0.0,
2022-08-26 00:00:00,72.37,75.52,68.76,68.87,,Weekly adjusted,68.87,57924700.0,0.0,
2022-09-02 00:00:00,67.59,71.7524,65.03,66.33,,Weekly adjusted,66.33,55753998.0,0.0,
2022-09-09 00:00:00,66.06,74.73,63.65,74.29,,Weekly adjusted,74.29,45326047.0,0.0,
2022-09-16 00:00:00,75.21,76.7135,64.75,64.89,,Weekly adjusted,64.89,76255178.0,0.0,
2022-09-23 00:00:00,64.3,65.2,54.43,56.27,,Weekly adjusted,56.27,76536592.0,0.0,
2022-09-30 00:00:00,56.22,59.24,53.9,54.99,,Weekly adjusted,54.99,65425535.0,0.0,
2022-10-07 00:00:00,55.15,63.44,53.71,57.41,,Weekly adjusted,57.41,67881522.0,0.0,
2022-10-14 00:00:00,57.42,58.28,51.45,51.51,,Weekly adjusted,51.51,79125545.0,0.0,
2022-10-21 00:00:00,53.6,59.74,52.34,55.99,,Weekly adjusted,55.99,70787800.0,0.0,
2022-10-28 00:00:00,55.62,62.48,53.97,61.29,,Weekly adjusted,61.29,58363374.0,0.0,
2022-11-04 00:00:00,61.25,63.7,51.34,60.11,,Weekly adjusted,60.11,103282714.0,0.0,
2022-11-11 00:00:00,62.17,72.43,57.09,71.66,,Weekly adjusted,71.66,118143786.0,0.0,
2022-11-18 00:00:00,70.25,75.77,65.135,65.82,,Weekly adjusted,65.82,55937242.0,0.0,
2022-11-25 00:00:00,64.6,64.94,60.1,63.38,,Weekly adjusted,63.38,33612011.0,0.0,
2022-12-02 00:00:00,61.91,69.24,61.12,68.18,,Weekly adjusted,68.18,46920189.0,0.0,
2022-12-09 00:00:00,67.4,67.86,59.6248,64.6,,Weekly adjusted,64.6,47022513.0,0.0,
2022-12-16 00:00:00,63.79,72.47,60.71,62.51,,Weekly adjusted,62.51,63124150.0,0.0,
2022-12-23 00:00:00,62.24,63.33,58.62,60.89,,Weekly adjusted,60.89,42946048.0,0.0,
2022-12-30 00:00:00,60.205,63.47,58.34,62.84,,Weekly adjusted,62.84,34145166.0,0.0,
2023-01-06 00:00:00,66.3,69.5,62.5022,68.99,,Weekly adjusted,68.99,55031801.0,0.0,
2023-01-13 00:00:00,69.7,72.11,67.66,71.65,,Weekly adjusted,71.65,52275489.0,0.0,
2023-01-20 00:00:00,72.36,76.22,69.235,76.16,,Weekly adjusted,76.16,51311363.0,0.0,
2023-01-27 00:00:00,76.84,85.5,74.7701,83.83,,Weekly adjusted,83.83,74807092.0,0.0,
2023-02-03 00:00:00,81.93,89.97,79.64,84.71,,Weekly adjusted,84.71,56400861.0,0.0,
2023-02-10 00:00:00,82.69,84.29,74.14,75.23,,Weekly adjusted,75.23,54236369.0,0.0,
2023-02-17 00:00:00,75.51,82.7,74.17,75.02,,Weekly adjusted,75.02,50297350.0,0.0,
2023-02-24 00:00:00,73.09,78.02,71.8,77.36,,Weekly adjusted,77.36,84745626.0,0.0,
2023-03-03 00:00:00,77.29,81.13,74.52,80.88,,Weekly adjusted,80.88,62650136.0,0.0,
2023-03-10 00:00:00,81.4,83.08,68.47,71.01,,Weekly adjusted,71.01,57880128.0,0.0,
2023-03-17 00:00:00,70.0,76.5,67.25,73.98,,Weekly adjusted,73.98,58540096.0,0.0,
2023-03-24 00:00:00,73.39,77.97,56.5,60.68,,Weekly adjusted,60.68,228088026.0,0.0,
2023-03-31 00:00:00,62.46,70.53,61.55,68.65,,Weekly adjusted,68.65,107245221.0,0.0,
2023-04-06 00:00:00,67.6,69.74,65.805,68.1,,Weekly adjusted,68.1,55145382.0,0.0,
2015-12-31 00:00:00,12.12,13.5,11.8,13.09,,Monthly adjusted,13.09,27259353.0,0.0,
2016-01-29 00:00:00,12.75,12.9,8.265,8.77,,Monthly adjusted,8.77,32932365.0,0.0,
2016-02-29 00:00:00,8.79,10.88,8.061,10.44,,Monthly adjusted,10.44,32841422.0,0.0,
2016-03-31 00:00:00,10.6,15.9099,10.24,15.28,,Monthly adjusted,15.28,73599762.0,0.0,
2016-04-29 00:00:00,15.23,15.87,13.0,14.89,,Monthly adjusted,14.89,49824045.0,0.0,
2016-05-31 00:00:00,14.9,15.0,8.63,9.53,,Monthly adjusted,9.53,100053333.0,0.0,
2016-06-30 00:00:00,9.5,9.68,8.42,9.05,,Monthly adjusted,9.05,73510063.0,0.0,
2016-07-29 00:00:00,9.2,10.3,8.78,10.07,,Monthly adjusted,10.07,51402032.0,0.0,
2016-08-31 00:00:00,10.02,12.54,9.85,12.19,,Monthly adjusted,12.19,165891558.0,0.0,
2016-09-30 00:00:00,12.21,12.24,11.02,11.66,,Monthly adjusted,11.66,72754176.0,0.0,
2016-10-31 00:00:00,11.61,11.85,10.88,11.2,,Monthly adjusted,11.2,53057877.0,0.0,
2016-11-30 00:00:00,11.2,13.0,11.0,12.94,,Monthly adjusted,12.94,141860261.0,0.0,
2016-12-30 00:00:00,12.74,14.82,12.46,13.63,,Monthly adjusted,13.63,101275677.0,0.0,
2017-01-31 00:00:00,13.82,15.49,13.66,14.62,,Monthly adjusted,14.62,80289049.0,0.0,
2017-02-28 00:00:00,14.49,18.17,13.84,17.32,,Monthly adjusted,17.32,158707127.0,0.0,
2017-03-31 00:00:00,17.53,17.64,16.11,17.28,,Monthly adjusted,17.28,139547846.0,0.0,
2017-04-28 00:00:00,17.24,18.455,16.66,18.24,,Monthly adjusted,18.24,100152279.0,0.0,
2017-05-31 00:00:00,18.33,23.57,18.08,22.99,,Monthly adjusted,22.99,198046789.0,0.0,
2017-06-30 00:00:00,23.05,24.97,22.41,23.46,,Monthly adjusted,23.46,187439314.0,0.0,
2017-07-31 00:00:00,23.55,27.97,22.66,26.35,,Monthly adjusted,26.35,150494969.0,0.0,
2017-08-31 00:00:00,26.58,27.3,24.22,26.11,,Monthly adjusted,26.11,150357300.0,0.0,
2017-09-29 00:00:00,26.1,29.0,25.24,28.81,,Monthly adjusted,28.81,145350825.0,0.0,
2017-10-31 00:00:00,28.8,37.44,28.78,37.19,,Monthly adjusted,37.19,168596548.0,0.0,
2017-11-30 00:00:00,37.48,49.56,34.75,39.22,,Monthly adjusted,39.22,550217150.0,0.0,
2017-12-29 00:00:00,39.34,39.79,34.14,34.67,,Monthly adjusted,34.67,340905647.0,0.0,
2018-01-31 00:00:00,34.7,47.5,34.68,46.91,,Monthly adjusted,46.91,338694938.0,0.0,
2018-02-28 00:00:00,45.75,48.0,36.76,46.05,,Monthly adjusted,46.05,282093985.0,0.0,
2018-03-29 00:00:00,46.0,58.46,44.29,49.2,,Monthly adjusted,49.2,353468381.0,0.0,
2018-04-30 00:00:00,48.88,52.4999,43.72,47.34,,Monthly adjusted,47.34,226117477.0,0.0,
2018-05-31 00:00:00,47.11,58.9,46.501,58.25,,Monthly adjusted,58.25,241215607.0,0.0,
2018-06-29 00:00:00,58.7,69.4,58.281,61.64,,Monthly adjusted,61.64,219956461.0,0.0,
2018-07-31 00:00:00,60.47,73.19,60.26,64.65,,Monthly adjusted,64.65,173634175.0,0.0,
2018-08-31 00:00:00,65.1,89.695,64.22,88.64,,Monthly adjusted,88.64,251435201.0,0.0,
2018-09-28 00:00:00,88.74,100.39,81.53,99.01,,Monthly adjusted,99.01,258449158.0,0.0,
2018-10-31 00:00:00,100.8,101.15,64.4941,73.45,,Monthly adjusted,73.45,471060878.0,0.0,
2018-11-30 00:00:00,74.01,83.0,55.37,69.84,,Monthly adjusted,69.84,361828684.0,0.0,
2018-12-31 00:00:00,73.07,73.09,49.82,56.09,,Monthly adjusted,56.09,348496554.0,0.0,
2019-01-31 00:00:00,54.1,78.15,52.26,71.35,,Monthly adjusted,71.35,401531054.0,0.0,
2019-02-28 00:00:00,71.05,82.78,69.72,81.24,,Monthly adjusted,81.24,229202230.0,0.0,
2019-03-29 00:00:00,80.97,81.03,71.1,74.92,,Monthly adjusted,74.92,209656968.0,0.0,
2019-04-30 00:00:00,75.59,77.84,69.79,72.82,,Monthly adjusted,72.82,160260543.0,0.0,
2019-05-31 00:00:00,73.95,74.73,61.31,61.95,,Monthly adjusted,61.95,228135053.0,0.0,
2019-06-28 00:00:00,61.95,74.55,59.8922,72.53,,Monthly adjusted,72.53,156169928.0,0.0,
2019-07-31 00:00:00,73.9,82.66,72.65,80.41,,Monthly adjusted,80.41,154190651.0,0.0,
2019-08-30 00:00:00,81.1,83.2,60.47,61.84,,Monthly adjusted,61.84,224404928.0,0.0,
2019-09-30 00:00:00,62.43,63.98,54.4101,61.95,,Monthly adjusted,61.95,211493896.0,0.0,
2019-10-31 00:00:00,62.3,64.55,57.62,61.43,,Monthly adjusted,61.43,138223976.0,0.0,
2019-11-29 00:00:00,61.57,69.73,59.91,69.12,,Monthly adjusted,69.12,179819683.0,0.0,
2019-12-31 00:00:00,68.95,68.96,61.0,62.56,,Monthly adjusted,62.56,109005624.0,0.0,
2020-01-31 00:00:00,62.99,77.07,61.13,74.69,,Monthly adjusted,74.69,170177419.0,0.0,
2020-02-28 00:00:00,74.89,87.25,74.6,83.33,,Monthly adjusted,83.33,195253760.0,0.0,
2020-03-31 00:00:00,82.8,84.42,32.33,52.38,,Monthly adjusted,52.38,432440163.0,0.0,
2020-04-30 00:00:00,49.78,66.89,42.33,65.14,,Monthly adjusted,65.14,338253372.0,0.0,
2020-05-29 00:00:00,62.84,84.09,61.09,81.08,,Monthly adjusted,81.08,268954656.0,0.0,
2020-06-30 00:00:00,81.0,107.84,80.12,104.94,,Monthly adjusted,104.94,276163286.0,0.0,
2020-07-31 00:00:00,106.92,133.81,106.54,129.85,,Monthly adjusted,129.85,318142244.0,0.0,
2020-08-31 00:00:00,130.26,161.5399,130.26,159.56,,Monthly adjusted,159.56,247967135.0,0.0,
2020-09-30 00:00:00,164.81,170.61,134.0,162.55,,Monthly adjusted,162.55,234258729.0,0.0,
2020-10-30 00:00:00,166.14,193.4399,152.43,154.88,,Monthly adjusted,154.88,170610231.0,0.0,
2020-11-30 00:00:00,158.0,215.0,151.1,210.96,,Monthly adjusted,210.96,227688635.0,0.0,
2020-12-31 00:00:00,212.56,243.38,195.13,217.64,,Monthly adjusted,217.64,198969385.0,0.0,
2021-01-29 00:00:00,222.495,246.49,197.7,215.96,,Monthly adjusted,215.96,178739258.0,0.0,
2021-02-26 00:00:00,215.81,283.1898,213.44,230.03,,Monthly adjusted,230.03,207040202.0,0.0,
2021-03-31 00:00:00,238.11,258.4899,191.36,227.05,,Monthly adjusted,227.05,269988817.0,0.0,
2021-04-30 00:00:00,231.26,278.13,224.1,244.82,,Monthly adjusted,244.82,211553287.0,0.0,
2021-05-28 00:00:00,246.6,249.4194,192.21,222.52,,Monthly adjusted,222.52,230852604.0,0.0,
2021-06-30 00:00:00,223.54,251.91,209.8,243.8,,Monthly adjusted,243.8,171071475.0,0.0,
2021-07-30 00:00:00,242.82,267.77,225.28,247.26,,Monthly adjusted,247.26,138750562.0,0.0,
2021-08-31 00:00:00,247.93,289.23,247.01,268.07,,Monthly adjusted,268.07,203268316.0,0.0,
2021-09-30 00:00:00,269.01,274.37,235.2201,239.84,,Monthly adjusted,239.84,131073547.0,0.0,
2021-10-29 00:00:00,239.44,270.16,222.92,254.5,,Monthly adjusted,254.5,142927429.0,0.0,
2021-11-30 00:00:00,255.12,255.9499,205.28,208.33,,Monthly adjusted,208.33,153834388.0,0.0,
2021-12-31 00:00:00,210.19,211.61,157.57,161.51,,Monthly adjusted,161.51,215961215.0,0.0,
2022-01-31 00:00:00,162.87,165.2,101.75,122.29,,Monthly adjusted,122.29,314647475.0,0.0,
2022-02-28 00:00:00,128.5,131.95,82.72,127.5,,Monthly adjusted,127.5,493989025.0,0.0,
2022-03-31 00:00:00,126.55,149.0,92.7198,135.6,,Monthly adjusted,135.6,514733178.0,0.0,
2022-04-29 00:00:00,136.5,145.58,97.39,99.54,,Monthly adjusted,99.54,281535550.0,0.0,
2022-05-31 00:00:00,98.3,108.0,65.1,87.51,,Monthly adjusted,87.51,500419402.0,0.0,
2022-06-30 00:00:00,87.35,89.2109,56.01,61.46,,Monthly adjusted,61.46,392723906.0,0.0,
2022-07-29 00:00:00,61.95,76.44,60.35,76.06,,Monthly adjusted,76.06,266166568.0,0.0,
2022-08-31 00:00:00,75.48,93.1899,66.69,68.91,,Monthly adjusted,68.91,330093510.0,0.0,
2022-09-30 00:00:00,67.43,76.7135,53.9,54.99,,Monthly adjusted,54.99,287882836.0,0.0,
2022-10-31 00:00:00,55.15,63.44,51.45,60.07,,Monthly adjusted,60.07,286703571.0,0.0,
2022-11-30 00:00:00,62.28,75.77,51.34,67.77,,Monthly adjusted,67.77,330199525.0,0.0,
2022-12-30 00:00:00,68.02,72.47,58.34,62.84,,Monthly adjusted,62.84,204388964.0,0.0,
2023-01-31 00:00:00,66.3,85.5,62.5022,81.72,,Monthly adjusted,81.72,252710326.0,0.0,
2023-02-28 00:00:00,82.07,89.97,71.8,76.73,,Monthly adjusted,76.73,257780260.0,0.0,
2023-03-31 00:00:00,76.31,83.08,56.5,68.65,,Monthly adjusted,68.65,483018972.0,0.0,
2023-04-06 00:00:00,67.6,69.74,65.805,68.1,,Monthly adjusted,68.1,55145382.0,0.0,
